image_id,image_url
img_001,"https://solsticeprod.s3.ap-south-1.amazonaws.com/https%3A/%2Fap-south-1.console.aws.amazon.com/s3/buckets/solsticedev%3Fregion%3Dap-south-1%26bucketType%3Dgeneral%26prefix%3Dcms/%26showversions%3Dfalse/WhatsApp%20Image%202023-07-10%20at%2013.03.29.jpeg"
img_002,"https://solsticeprod.s3.ap-south-1.amazonaws.com/https%3A/%2Fap-south-1.console.aws.amazon.com/s3/buckets/solsticedev%3Fregion%3Dap-south-1%26bucketType%3Dgeneral%26prefix%3Dcms/%26showversions%3Dfalse/WhatsApp%20Image%202023-07-10%20at%2013.03.28.jpeg"
img_003,"https://solsticeprod.s3.ap-south-1.amazonaws.com/https%3A/%2Fap-south-1.console.aws.amazon.com/s3/buckets/solsticedev%3Fregion%3Dap-south-1%26bucketType%3Dgeneral%26prefix%3Dcms/%26showversions%3Dfalse/WhatsApp%20Image%202023-07-10%20at%2013.03.21%20%281%29.jpeg"
img_004,"https://solsticeprod.s3.ap-south-1.amazonaws.com/https%3A/%2Fap-south-1.console.aws.amazon.com/s3/buckets/solsticedev%3Fregion%3Dap-south-1%26bucketType%3Dgeneral%26prefix%3Dcms/%26showversions%3Dfalse/ABN00681.JPG"
img_005,"https://solsticeprod.s3.ap-south-1.amazonaws.com/https%3A/%2Fap-south-1.console.aws.amazon.com/s3/buckets/solsticedev%3Fregion%3Dap-south-1%26bucketType%3Dgeneral%26prefix%3Dcms/%26showversions%3Dfalse/ABN00678.JPG"
img_006,"https://solsticeprod.s3.ap-south-1.amazonaws.com/https%3A/%2Fap-south-1.console.aws.amazon.com/s3/buckets/solsticedev%3Fregion%3Dap-south-1%26bucketType%3Dgeneral%26prefix%3Dcms/%26showversions%3Dfalse/ABN00640.JPG"
img_007,"https://solsticeprod.s3.ap-south-1.amazonaws.com/https%3A/%2Fap-south-1.console.aws.amazon.com/s3/buckets/solsticedev%3Fregion%3Dap-south-1%26bucketType%3Dgeneral%26prefix%3Dcms/%26showversions%3Dfalse/ABN00623.JPG"
img_008,"https://solsticeprod.s3.ap-south-1.amazonaws.com/https%3A/%2Fap-south-1.console.aws.amazon.com/s3/buckets/solsticedev%3Fregion%3Dap-south-1%26bucketType%3Dgeneral%26prefix%3Dcms/%26showversions%3Dfalse/ABN00593.JPG"
img_009,"https://solsticeprod.s3.ap-south-1.amazonaws.com/https%3A/%2Fap-south-1.console.aws.amazon.com/s3/buckets/solsticedev%3Fregion%3Dap-south-1%26bucketType%3Dgeneral%26prefix%3Dcms/%26showversions%3Dfalse/Screenshot%202024-07-11%20at%201.18.03%E2%80%AFPM.png"
img_010,"https://solsticeprod.s3.ap-south-1.amazonaws.com/https%3A/%2Fap-south-1.console.aws.amazon.com/s3/buckets/solsticedev%3Fregion%3Dap-south-1%26bucketType%3Dgeneral%26prefix%3Dcms/%26showversions%3Dfalse/Screenshot%202024-07-11%20at%201.18.08%E2%80%AFPM.png"
img_011,"https://solsticeprod.s3.ap-south-1.amazonaws.com/https%3A/%2Fap-south-1.console.aws.amazon.com/s3/buckets/solsticedev%3Fregion%3Dap-south-1%26bucketType%3Dgeneral%26prefix%3Dcms/%26showversions%3Dfalse/Screenshot%202024-07-11%20at%201.18.16%E2%80%AFPM.png"
img_012,"https://solsticeprod.s3.ap-south-1.amazonaws.com/https%3A/%2Fap-south-1.console.aws.amazon.com/s3/buckets/solsticedev%3Fregion%3Dap-south-1%26bucketType%3Dgeneral%26prefix%3Dcms/%26showversions%3Dfalse/Screenshot%202024-07-11%20at%201.18.29%E2%80%AFPM.png"
img_013,"https://solsticeprod.s3.ap-south-1.amazonaws.com/https%3A/%2Fap-south-1.console.aws.amazon.com/s3/buckets/solsticedev%3Fregion%3Dap-south-1%26bucketType%3Dgeneral%26prefix%3Dcms/%26showversions%3Dfalse/Screenshot%202024-07-11%20at%201.18.38%E2%80%AFPM.png"
img_014,"https://solsticeprod.s3.ap-south-1.amazonaws.com/https%3A/%2Fap-south-1.console.aws.amazon.com/s3/buckets/solsticedev%3Fregion%3Dap-south-1%26bucketType%3Dgeneral%26prefix%3Dcms/%26showversions%3Dfalse/Screenshot%202024-07-11%20at%201.18.49%E2%80%AFPM.png"
img_015,"https://solsticeprod.s3.ap-south-1.amazonaws.com/https%3A/%2Fap-south-1.console.aws.amazon.com/s3/buckets/solsticedev%3Fregion%3Dap-south-1%26bucketType%3Dgeneral%26prefix%3Dcms/%26showversions%3Dfalse/3-2.jpg"
img_016,"https://solsticeprod.s3.ap-south-1.amazonaws.com/https%3A/%2Fap-south-1.console.aws.amazon.com/s3/buckets/solsticedev%3Fregion%3Dap-south-1%26bucketType%3Dgeneral%26prefix%3Dcms/%26showversions%3Dfalse/3.jpg"
img_017,"https://solsticeprod.s3.ap-south-1.amazonaws.com/https%3A/%2Fap-south-1.console.aws.amazon.com/s3/buckets/solsticedev%3Fregion%3Dap-south-1%26bucketType%3Dgeneral%26prefix%3Dcms/%26showversions%3Dfalse/Screenshot%202024-07-11%20at%201.23.08%E2%80%AFPM.png"
img_018,"https://solsticeprod.s3.ap-south-1.amazonaws.com/https%3A/%2Fap-south-1.console.aws.amazon.com/s3/buckets/solsticedev%3Fregion%3Dap-south-1%26bucketType%3Dgeneral%26prefix%3Dcms/%26showversions%3Dfalse/Screenshot%202024-07-11%20at%201.23.18%E2%80%AFPM.png"
img_019,"https://solsticeprod.s3.ap-south-1.amazonaws.com/https%3A/%2Fap-south-1.console.aws.amazon.com/s3/buckets/solsticedev%3Fregion%3Dap-south-1%26bucketType%3Dgeneral%26prefix%3Dcms/%26showversions%3Dfalse/Screenshot%202024-07-11%20at%201.23.22%E2%80%AFPM.png"
img_020,"https://solsticeprod.s3.ap-south-1.amazonaws.com/https%3A/%2Fap-south-1.console.aws.amazon.com/s3/buckets/solsticedev%3Fregion%3Dap-south-1%26bucketType%3Dgeneral%26prefix%3Dcms/%26showversions%3Dfalse/Screenshot%202024-07-11%20at%201.23.25%E2%80%AFPM.png"
img_021,"https://solsticeprod.s3.ap-south-1.amazonaws.com/https%3A/%2Fap-south-1.console.aws.amazon.com/s3/buckets/solsticedev%3Fregion%3Dap-south-1%26bucketType%3Dgeneral%26prefix%3Dcms/%26showversions%3Dfalse/Screenshot%202024-07-11%20at%201.23.30%E2%80%AFPM.png"
img_022,"https://solsticeprod.s3.ap-south-1.amazonaws.com/https%3A/%2Fap-south-1.console.aws.amazon.com/s3/buckets/solsticedev%3Fregion%3Dap-south-1%26bucketType%3Dgeneral%26prefix%3Dcms/%26showversions%3Dfalse/Screenshot%202024-07-11%20at%201.23.36%E2%80%AFPM.png"
img_023,"https://solsticeprod.s3.ap-south-1.amazonaws.com/https%3A/%2Fap-south-1.console.aws.amazon.com/s3/buckets/solsticedev%3Fregion%3Dap-south-1%26bucketType%3Dgeneral%26prefix%3Dcms/%26showversions%3Dfalse/Screenshot%202024-07-11%20at%203.00.57%E2%80%AFPM.png"
img_024,"https://solsticeprod.s3.ap-south-1.amazonaws.com/https%3A/%2Fap-south-1.console.aws.amazon.com/s3/buckets/solsticedev%3Fregion%3Dap-south-1%26bucketType%3Dgeneral%26prefix%3Dcms/%26showversions%3Dfalse/Screenshot%202024-07-11%20at%203.01.08%E2%80%AFPM.png"
img_025,"https://solsticeprod.s3.ap-south-1.amazonaws.com/https%3A/%2Fap-south-1.console.aws.amazon.com/s3/buckets/solsticedev%3Fregion%3Dap-south-1%26bucketType%3Dgeneral%26prefix%3Dcms/%26showversions%3Dfalse/Screenshot%202024-07-11%20at%203.01.18%E2%80%AFPM.png"
img_026,"https://solsticeprod.s3.ap-south-1.amazonaws.com/https%3A/%2Fap-south-1.console.aws.amazon.com/s3/buckets/solsticedev%3Fregion%3Dap-south-1%26bucketType%3Dgeneral%26prefix%3Dcms/%26showversions%3Dfalse/Screenshot%202024-07-11%20at%203.01.24%E2%80%AFPM.png"
img_027,"https://solsticeprod.s3.ap-south-1.amazonaws.com/https%3A/%2Fap-south-1.console.aws.amazon.com/s3/buckets/solsticedev%3Fregion%3Dap-south-1%26bucketType%3Dgeneral%26prefix%3Dcms/%26showversions%3Dfalse/Screenshot%202024-07-11%20at%203.01.40%E2%80%AFPM.png"
img_028,"https://solsticeprod.s3.ap-south-1.amazonaws.com/https%3A/%2Fap-south-1.console.aws.amazon.com/s3/buckets/solsticedev%3Fregion%3Dap-south-1%26bucketType%3Dgeneral%26prefix%3Dcms/%26showversions%3Dfalse/Screenshot%202024-07-11%20at%203.01.48%E2%80%AFPM.png"
img_029,"https://solsticeprod.s3.ap-south-1.amazonaws.com/https%3A/%2Fap-south-1.console.aws.amazon.com/s3/buckets/solsticedev%3Fregion%3Dap-south-1%26bucketType%3Dgeneral%26prefix%3Dcms/%26showversions%3Dfalse/Screenshot%202024-07-11%20at%203.02.01%E2%80%AFPM.png"
img_030,"https://solsticeprod.s3.ap-south-1.amazonaws.com/https%3A/%2Fap-south-1.console.aws.amazon.com/s3/buckets/solsticedev%3Fregion%3Dap-south-1%26bucketType%3Dgeneral%26prefix%3Dcms/%26showversions%3Dfalse/Screenshot%202024-07-11%20at%203.02.06%E2%80%AFPM.png"
img_031,"https://solsticeprod.s3.ap-south-1.amazonaws.com/https%3A/%2Fap-south-1.console.aws.amazon.com/s3/buckets/solsticedev%3Fregion%3Dap-south-1%26bucketType%3Dgeneral%26prefix%3Dcms/%26showversions%3Dfalse/Screenshot%202024-07-11%20at%203.02.13%E2%80%AFPM.png"
img_032,"https://solsticeprod.s3.ap-south-1.amazonaws.com/https%3A/%2Fap-south-1.console.aws.amazon.com/s3/buckets/solsticedev%3Fregion%3Dap-south-1%26bucketType%3Dgeneral%26prefix%3Dcms/%26showversions%3Dfalse/Screenshot%202024-07-11%20at%203.02.17%E2%80%AFPM.png"
img_033,"https://solsticeprod.s3.ap-south-1.amazonaws.com/https%3A/%2Fap-south-1.console.aws.amazon.com/s3/buckets/solsticedev%3Fregion%3Dap-south-1%26bucketType%3Dgeneral%26prefix%3Dcms/%26showversions%3Dfalse/Screenshot%202024-07-11%20at%203.02.26%E2%80%AFPM.png"
img_034,"https://solsticeprod.s3.ap-south-1.amazonaws.com/https%3A/%2Fap-south-1.console.aws.amazon.com/s3/buckets/solsticedev%3Fregion%3Dap-south-1%26bucketType%3Dgeneral%26prefix%3Dcms/%26showversions%3Dfalse/Screenshot%202024-07-11%20at%203.02.33%E2%80%AFPM.png"
img_035,"https://solsticeprod.s3.ap-south-1.amazonaws.com/https%3A/%2Fap-south-1.console.aws.amazon.com/s3/buckets/solsticedev%3Fregion%3Dap-south-1%26bucketType%3Dgeneral%26prefix%3Dcms/%26showversions%3Dfalse/WhatsApp%20Image%202023-04-10%20at%209.47.16%20PM.jpeg"
img_036,"https://solsticeprod.s3.ap-south-1.amazonaws.com/https%3A/%2Fap-south-1.console.aws.amazon.com/s3/buckets/solsticedev%3Fregion%3Dap-south-1%26bucketType%3Dgeneral%26prefix%3Dcms/%26showversions%3Dfalse/WhatsApp%20Image%202023-04-10%20at%209.47.24%20PM%20%281%29.jpeg"
img_037,"https://solsticeprod.s3.ap-south-1.amazonaws.com/https%3A/%2Fap-south-1.console.aws.amazon.com/s3/buckets/solsticedev%3Fregion%3Dap-south-1%26bucketType%3Dgeneral%26prefix%3Dcms/%26showversions%3Dfalse/WhatsApp%20Image%202023-04-10%20at%209.47.26%20PM%20%281%29.jpeg"
img_038,"https://solsticeprod.s3.ap-south-1.amazonaws.com/https%3A/%2Fap-south-1.console.aws.amazon.com/s3/buckets/solsticedev%3Fregion%3Dap-south-1%26bucketType%3Dgeneral%26prefix%3Dcms/%26showversions%3Dfalse/WhatsApp%20Image%202023-04-10%20at%209.47.28%20PM%20%282%29.jpeg"
img_039,"https://solsticeprod.s3.ap-south-1.amazonaws.com/https%3A/%2Fap-south-1.console.aws.amazon.com/s3/buckets/solsticedev%3Fregion%3Dap-south-1%26bucketType%3Dgeneral%26prefix%3Dcms/%26showversions%3Dfalse/WhatsApp%20Image%202023-04-10%20at%209.47.30%20PM.jpeg"
img_040,"https://solsticeprod.s3.ap-south-1.amazonaws.com/https%3A/%2Fap-south-1.console.aws.amazon.com/s3/buckets/solsticedev%3Fregion%3Dap-south-1%26bucketType%3Dgeneral%26prefix%3Dcms/%26showversions%3Dfalse/WhatsApp%20Image%202023-04-10%20at%209.47.32%20PM%20%281%29.jpeg"
img_041,"https://solsticeprod.s3.ap-south-1.amazonaws.com/https%3A/%2Fap-south-1.console.aws.amazon.com/s3/buckets/solsticedev%3Fregion%3Dap-south-1%26bucketType%3Dgeneral%26prefix%3Dcms/%26showversions%3Dfalse/WhatsApp%20Image%202023-04-10%20at%209.47.33%20PM.jpeg"
img_042,"https://solsticeprod.s3.ap-south-1.amazonaws.com/https%3A/%2Fap-south-1.console.aws.amazon.com/s3/buckets/solsticedev%3Fregion%3Dap-south-1%26bucketType%3Dgeneral%26prefix%3Dcms/%26showversions%3Dfalse/WhatsApp%20Image%202023-04-10%20at%209.47.34%20PM%20%281%29.jpeg"
img_043,"https://solsticeprod.s3.ap-south-1.amazonaws.com/https%3A/%2Fap-south-1.console.aws.amazon.com/s3/buckets/solsticedev%3Fregion%3Dap-south-1%26bucketType%3Dgeneral%26prefix%3Dcms/%26showversions%3Dfalse/WhatsApp%20Image%202023-04-10%20at%209.49.49%20PM%20%281%29.jpeg"
img_044,"https://solsticeprod.s3.ap-south-1.amazonaws.com/https%3A/%2Fap-south-1.console.aws.amazon.com/s3/buckets/solsticedev%3Fregion%3Dap-south-1%26bucketType%3Dgeneral%26prefix%3Dcms/%26showversions%3Dfalse/WhatsApp%20Image%202023-04-10%20at%209.49.50%20PM%20%281%29.jpeg"
img_045,"https://solsticeprod.s3.ap-south-1.amazonaws.com/https%3A/%2Fap-south-1.console.aws.amazon.com/s3/buckets/solsticedev%3Fregion%3Dap-south-1%26bucketType%3Dgeneral%26prefix%3Dcms/%26showversions%3Dfalse/WhatsApp%20Image%202023-04-10%20at%209.49.54%20PM%20%281%29.jpeg"
img_046,"https://solsticeprod.s3.ap-south-1.amazonaws.com/https%3A/%2Fap-south-1.console.aws.amazon.com/s3/buckets/solsticedev%3Fregion%3Dap-south-1%26bucketType%3Dgeneral%26prefix%3Dcms/%26showversions%3Dfalse/WhatsApp%20Image%202023-04-10%20at%209.49.54%20PM%20%282%29.jpeg"
img_047,"https://solsticeprod.s3.ap-south-1.amazonaws.com/https%3A/%2Fap-south-1.console.aws.amazon.com/s3/buckets/solsticedev%3Fregion%3Dap-south-1%26bucketType%3Dgeneral%26prefix%3Dcms/%26showversions%3Dfalse/WhatsApp%20Image%202023-04-10%20at%209.47.19%20PM.jpeg"
img_048,"https://solsticeprod.s3.ap-south-1.amazonaws.com/https%3A/%2Fap-south-1.console.aws.amazon.com/s3/buckets/solsticedev%3Fregion%3Dap-south-1%26bucketType%3Dgeneral%26prefix%3Dcms/%26showversions%3Dfalse/WhatsApp%20Image%202023-04-10%20at%209.47.22%20PM%20%282%29.jpeg"
img_049,"https://solsticeprod.s3.ap-south-1.amazonaws.com/https%3A/%2Fap-south-1.console.aws.amazon.com/s3/buckets/solsticedev%3Fregion%3Dap-south-1%26bucketType%3Dgeneral%26prefix%3Dcms/%26showversions%3Dfalse/WhatsApp%20Image%202023-04-10%20at%209.47.26%20PM%20%282%29.jpeg"
img_050,"https://solsticeprod.s3.ap-south-1.amazonaws.com/https%3A/%2Fap-south-1.console.aws.amazon.com/s3/buckets/solsticedev%3Fregion%3Dap-south-1%26bucketType%3Dgeneral%26prefix%3Dcms/%26showversions%3Dfalse/WhatsApp%20Image%202023-04-10%20at%209.47.30%20PM%20%282%29.jpeg"
img_051,"https://solsticeprod.s3.ap-south-1.amazonaws.com/https%3A/%2Fap-south-1.console.aws.amazon.com/s3/buckets/solsticedev%3Fregion%3Dap-south-1%26bucketType%3Dgeneral%26prefix%3Dcms/%26showversions%3Dfalse/WhatsApp%20Image%202023-04-10%20at%209.47.34%20PM.jpeg"
img_052,"https://solsticeprod.s3.ap-south-1.amazonaws.com/https%3A/%2Fap-south-1.console.aws.amazon.com/s3/buckets/solsticedev%3Fregion%3Dap-south-1%26bucketType%3Dgeneral%26prefix%3Dcms/%26showversions%3Dfalse/WhatsApp%20Image%202023-04-10%20at%209.47.36%20PM%20%281%29.jpeg"
img_053,"https://solsticeprod.s3.ap-south-1.amazonaws.com/https%3A/%2Fap-south-1.console.aws.amazon.com/s3/buckets/solsticedev%3Fregion%3Dap-south-1%26bucketType%3Dgeneral%26prefix%3Dcms/%26showversions%3Dfalse/WhatsApp%20Image%202023-04-10%20at%209.47.36%20PM.jpeg"
img_054,"https://solsticeprod.s3.ap-south-1.amazonaws.com/https%3A/%2Fap-south-1.console.aws.amazon.com/s3/buckets/solsticedev%3Fregion%3Dap-south-1%26bucketType%3Dgeneral%26prefix%3Dcms/%26showversions%3Dfalse/WhatsApp%20Image%202023-04-10%20at%209.49.55%20PM.jpeg"
img_055,"https://solsticeprod.s3.ap-south-1.amazonaws.com/https%3A/%2Fap-south-1.console.aws.amazon.com/s3/buckets/solsticedev%3Fregion%3Dap-south-1%26bucketType%3Dgeneral%26prefix%3Dcms/%26showversions%3Dfalse/WhatsApp%20Image%202023-04-10%20at%209.47.04%20PM.jpeg"
img_056,"https://solsticeprod.s3.ap-south-1.amazonaws.com/https%3A/%2Fap-south-1.console.aws.amazon.com/s3/buckets/solsticedev%3Fregion%3Dap-south-1%26bucketType%3Dgeneral%26prefix%3Dcms/%26showversions%3Dfalse/WhatsApp%20Image%202023-04-10%20at%209.47.21%20PM.jpeg"
img_057,"https://solsticeprod.s3.ap-south-1.amazonaws.com/https%3A/%2Fap-south-1.console.aws.amazon.com/s3/buckets/solsticedev%3Fregion%3Dap-south-1%26bucketType%3Dgeneral%26prefix%3Dcms/%26showversions%3Dfalse/WhatsApp%20Image%202023-04-10%20at%209.47.26%20PM.jpeg"
img_058,"https://solsticeprod.s3.ap-south-1.amazonaws.com/https%3A/%2Fap-south-1.console.aws.amazon.com/s3/buckets/solsticedev%3Fregion%3Dap-south-1%26bucketType%3Dgeneral%26prefix%3Dcms/%26showversions%3Dfalse/WhatsApp%20Image%202023-04-10%20at%209.49.53%20PM%20%281%29.jpeg"
img_059,"https://solsticeprod.s3.ap-south-1.amazonaws.com/https%3A/%2Fap-south-1.console.aws.amazon.com/s3/buckets/solsticedev%3Fregion%3Dap-south-1%26bucketType%3Dgeneral%26prefix%3Dcms/%26showversions%3Dfalse/WhatsApp%20Image%202023-04-10%20at%209.47.29%20PM%20%282%29.jpeg"
img_060,"https://solsticeprod.s3.ap-south-1.amazonaws.com/https%3A/%2Fap-south-1.console.aws.amazon.com/s3/buckets/solsticedev%3Fregion%3Dap-south-1%26bucketType%3Dgeneral%26prefix%3Dcms/%26showversions%3Dfalse/WhatsApp%20Image%202023-04-10%20at%209.47.32%20PM.jpeg"
img_061,"https://solsticeprod.s3.ap-south-1.amazonaws.com/https%3A/%2Fap-south-1.console.aws.amazon.com/s3/buckets/solsticedev%3Fregion%3Dap-south-1%26bucketType%3Dgeneral%26prefix%3Dcms/%26showversions%3Dfalse/WhatsApp%20Image%202023-04-10%20at%209.47.33%20PM%20%283%29.jpeg"
img_062,"https://solsticeprod.s3.ap-south-1.amazonaws.com/https%3A/%2Fap-south-1.console.aws.amazon.com/s3/buckets/solsticedev%3Fregion%3Dap-south-1%26bucketType%3Dgeneral%26prefix%3Dcms/%26showversions%3Dfalse/WhatsApp%20Image%202023-04-10%20at%209.49.50%20PM%20%282%29.jpeg"
img_063,"https://solsticeprod.s3.ap-south-1.amazonaws.com/https%3A/%2Fap-south-1.console.aws.amazon.com/s3/buckets/solsticedev%3Fregion%3Dap-south-1%26bucketType%3Dgeneral%26prefix%3Dcms/%26showversions%3Dfalse/WhatsApp%20Image%202023-04-10%20at%209.49.51%20PM%20%281%29.jpeg"
img_064,"https://solsticeprod.s3.ap-south-1.amazonaws.com/https%3A/%2Fap-south-1.console.aws.amazon.com/s3/buckets/solsticedev%3Fregion%3Dap-south-1%26bucketType%3Dgeneral%26prefix%3Dcms/%26showversions%3Dfalse/Screenshot%202024-07-11%20at%203.11.08%E2%80%AFPM.png"
img_065,"https://solsticeprod.s3.ap-south-1.amazonaws.com/https%3A/%2Fap-south-1.console.aws.amazon.com/s3/buckets/solsticedev%3Fregion%3Dap-south-1%26bucketType%3Dgeneral%26prefix%3Dcms/%26showversions%3Dfalse/Screenshot%202024-07-11%20at%203.11.13%E2%80%AFPM.png"
img_066,"https://solsticeprod.s3.ap-south-1.amazonaws.com/https%3A/%2Fap-south-1.console.aws.amazon.com/s3/buckets/solsticedev%3Fregion%3Dap-south-1%26bucketType%3Dgeneral%26prefix%3Dcms/%26showversions%3Dfalse/Screenshot%202024-07-11%20at%203.11.21%E2%80%AFPM.png"
img_067,"https://solsticeprod.s3.ap-south-1.amazonaws.com/https%3A/%2Fap-south-1.console.aws.amazon.com/s3/buckets/solsticedev%3Fregion%3Dap-south-1%26bucketType%3Dgeneral%26prefix%3Dcms/%26showversions%3Dfalse/Screenshot%202024-07-11%20at%203.12.04%E2%80%AFPM.png"
img_068,"https://solsticeprod.s3.ap-south-1.amazonaws.com/https%3A/%2Fap-south-1.console.aws.amazon.com/s3/buckets/solsticedev%3Fregion%3Dap-south-1%26bucketType%3Dgeneral%26prefix%3Dcms/%26showversions%3Dfalse/Screenshot%202024-07-11%20at%203.12.13%E2%80%AFPM.png"
img_069,"https://solsticeprod.s3.ap-south-1.amazonaws.com/https%3A/%2Fap-south-1.console.aws.amazon.com/s3/buckets/solsticedev%3Fregion%3Dap-south-1%26bucketType%3Dgeneral%26prefix%3Dcms/%26showversions%3Dfalse/Screenshot%202024-07-11%20at%203.12.22%E2%80%AFPM.png"
img_070,"https://solsticeprod.s3.ap-south-1.amazonaws.com/https%3A/%2Fap-south-1.console.aws.amazon.com/s3/buckets/solsticedev%3Fregion%3Dap-south-1%26bucketType%3Dgeneral%26prefix%3Dcms/%26showversions%3Dfalse/Screenshot%202024-07-11%20at%203.46.55%E2%80%AFPM.png"
img_071,"https://solsticeprod.s3.ap-south-1.amazonaws.com/https%3A/%2Fap-south-1.console.aws.amazon.com/s3/buckets/solsticedev%3Fregion%3Dap-south-1%26bucketType%3Dgeneral%26prefix%3Dcms/%26showversions%3Dfalse/Screenshot%202024-07-11%20at%203.46.59%E2%80%AFPM.png"
img_072,"https://solsticeprod.s3.ap-south-1.amazonaws.com/https%3A/%2Fap-south-1.console.aws.amazon.com/s3/buckets/solsticedev%3Fregion%3Dap-south-1%26bucketType%3Dgeneral%26prefix%3Dcms/%26showversions%3Dfalse/Screenshot%202024-07-11%20at%203.47.07%E2%80%AFPM.png"
img_073,"https://solsticeprod.s3.ap-south-1.amazonaws.com/https%3A/%2Fap-south-1.console.aws.amazon.com/s3/buckets/solsticedev%3Fregion%3Dap-south-1%26bucketType%3Dgeneral%26prefix%3Dcms/%26showversions%3Dfalse/Screenshot%202024-07-11%20at%203.47.10%E2%80%AFPM.png"
img_074,"https://solsticeprod.s3.ap-south-1.amazonaws.com/https%3A/%2Fap-south-1.console.aws.amazon.com/s3/buckets/solsticedev%3Fregion%3Dap-south-1%26bucketType%3Dgeneral%26prefix%3Dcms/%26showversions%3Dfalse/Screenshot%202024-07-11%20at%203.47.12%E2%80%AFPM.png"
img_075,"https://solsticeprod.s3.ap-south-1.amazonaws.com/https%3A/%2Fap-south-1.console.aws.amazon.com/s3/buckets/solsticedev%3Fregion%3Dap-south-1%26bucketType%3Dgeneral%26prefix%3Dcms/%26showversions%3Dfalse/Screenshot%202024-07-11%20at%203.47.19%E2%80%AFPM.png"
img_076,"https://solsticeprod.s3.ap-south-1.amazonaws.com/https%3A/%2Fap-south-1.console.aws.amazon.com/s3/buckets/solsticedev%3Fregion%3Dap-south-1%26bucketType%3Dgeneral%26prefix%3Dcms/%26showversions%3Dfalse/Screenshot%202024-07-11%20at%203.47.30%E2%80%AFPM.png"
img_077,"https://solsticeprod.s3.ap-south-1.amazonaws.com/https%3A/%2Fap-south-1.console.aws.amazon.com/s3/buckets/solsticedev%3Fregion%3Dap-south-1%26bucketType%3Dgeneral%26prefix%3Dcms/%26showversions%3Dfalse/Screenshot%202024-07-11%20at%203.47.32%E2%80%AFPM.png"
img_078,"https://solsticeprod.s3.ap-south-1.amazonaws.com/https%3A/%2Fap-south-1.console.aws.amazon.com/s3/buckets/solsticedev%3Fregion%3Dap-south-1%26bucketType%3Dgeneral%26prefix%3Dcms/%26showversions%3Dfalse/Screenshot%202024-07-11%20at%203.47.36%E2%80%AFPM.png"
img_079,"https://solsticeprod.s3.ap-south-1.amazonaws.com/https%3A/%2Fap-south-1.console.aws.amazon.com/s3/buckets/solsticedev%3Fregion%3Dap-south-1%26bucketType%3Dgeneral%26prefix%3Dcms/%26showversions%3Dfalse/Screenshot%202024-07-11%20at%203.47.38%E2%80%AFPM.png"
img_080,"https://solsticeprod.s3.ap-south-1.amazonaws.com/https%3A/%2Fap-south-1.console.aws.amazon.com/s3/buckets/solsticedev%3Fregion%3Dap-south-1%26bucketType%3Dgeneral%26prefix%3Dcms/%26showversions%3Dfalse/Screenshot%202024-07-11%20at%203.47.46%E2%80%AFPM.png"
img_081,"https://solsticeprod.s3.ap-south-1.amazonaws.com/https%3A/%2Fap-south-1.console.aws.amazon.com/s3/buckets/solsticedev%3Fregion%3Dap-south-1%26bucketType%3Dgeneral%26prefix%3Dcms/%26showversions%3Dfalse/Screenshot%202024-07-11%20at%203.47.48%E2%80%AFPM.png"
img_082,"https://solsticeprod.s3.ap-south-1.amazonaws.com/https%3A/%2Fap-south-1.console.aws.amazon.com/s3/buckets/solsticedev%3Fregion%3Dap-south-1%26bucketType%3Dgeneral%26prefix%3Dcms/%26showversions%3Dfalse/Screenshot%202024-07-11%20at%203.47.58%E2%80%AFPM.png"
img_083,"https://solsticeprod.s3.ap-south-1.amazonaws.com/https%3A/%2Fap-south-1.console.aws.amazon.com/s3/buckets/solsticedev%3Fregion%3Dap-south-1%26bucketType%3Dgeneral%26prefix%3Dcms/%26showversions%3Dfalse/Screenshot%202024-07-11%20at%203.48.03%E2%80%AFPM.png"
img_084,"https://solsticeprod.s3.ap-south-1.amazonaws.com/https%3A/%2Fap-south-1.console.aws.amazon.com/s3/buckets/solsticedev%3Fregion%3Dap-south-1%26bucketType%3Dgeneral%26prefix%3Dcms/%26showversions%3Dfalse/Screenshot%202024-07-11%20at%203.48.11%E2%80%AFPM.png"
img_085,"https://solsticeprod.s3.ap-south-1.amazonaws.com/https%3A/%2Fap-south-1.console.aws.amazon.com/s3/buckets/solsticedev%3Fregion%3Dap-south-1%26bucketType%3Dgeneral%26prefix%3Dcms/%26showversions%3Dfalse/Screenshot%202024-07-11%20at%203.48.19%E2%80%AFPM.png"
img_086,"https://solsticeprod.s3.ap-south-1.amazonaws.com/https%3A/%2Fap-south-1.console.aws.amazon.com/s3/buckets/solsticedev%3Fregion%3Dap-south-1%26bucketType%3Dgeneral%26prefix%3Dcms/%26showversions%3Dfalse/Screenshot%202024-07-11%20at%203.48.29%E2%80%AFPM.png"
img_087,"https://solsticeprod.s3.ap-south-1.amazonaws.com/https%3A/%2Fap-south-1.console.aws.amazon.com/s3/buckets/solsticedev%3Fregion%3Dap-south-1%26bucketType%3Dgeneral%26prefix%3Dcms/%26showversions%3Dfalse/Screenshot%202024-07-11%20at%203.48.31%E2%80%AFPM.png"
img_088,"https://solsticeprod.s3.ap-south-1.amazonaws.com/https%3A/%2Fap-south-1.console.aws.amazon.com/s3/buckets/solsticedev%3Fregion%3Dap-south-1%26bucketType%3Dgeneral%26prefix%3Dcms/%26showversions%3Dfalse/Screenshot%202024-07-11%20at%203.48.34%E2%80%AFPM.png"
img_089,"https://solsticeprod.s3.ap-south-1.amazonaws.com/https%3A/%2Fap-south-1.console.aws.amazon.com/s3/buckets/solsticedev%3Fregion%3Dap-south-1%26bucketType%3Dgeneral%26prefix%3Dcms/%26showversions%3Dfalse/ABN00619.JPG"
img_090,"https://solsticeprod.s3.ap-south-1.amazonaws.com/https%3A/%2Fap-south-1.console.aws.amazon.com/s3/buckets/solsticedev%3Fregion%3Dap-south-1%26bucketType%3Dgeneral%26prefix%3Dcms/%26showversions%3Dfalse/ABN00626.JPG"
img_091,"https://solsticeprod.s3.ap-south-1.amazonaws.com/https%3A/%2Fap-south-1.console.aws.amazon.com/s3/buckets/solsticedev%3Fregion%3Dap-south-1%26bucketType%3Dgeneral%26prefix%3Dcms/%26showversions%3Dfalse/ABN00645.JPG"
img_092,"https://solsticeprod.s3.ap-south-1.amazonaws.com/https%3A/%2Fap-south-1.console.aws.amazon.com/s3/buckets/solsticedev%3Fregion%3Dap-south-1%26bucketType%3Dgeneral%26prefix%3Dcms/%26showversions%3Dfalse/ABN00655.JPG"
img_093,"https://solsticeprod.s3.ap-south-1.amazonaws.com/https%3A/%2Fap-south-1.console.aws.amazon.com/s3/buckets/solsticedev%3Fregion%3Dap-south-1%26bucketType%3Dgeneral%26prefix%3Dcms/%26showversions%3Dfalse/ABN00658.JPG"
img_094,"https://solsticeprod.s3.ap-south-1.amazonaws.com/https%3A/%2Fap-south-1.console.aws.amazon.com/s3/buckets/solsticedev%3Fregion%3Dap-south-1%26bucketType%3Dgeneral%26prefix%3Dcms/%26showversions%3Dfalse/ABN00666.JPG"
img_095,"https://solsticeprod.s3.ap-south-1.amazonaws.com/https%3A/%2Fap-south-1.console.aws.amazon.com/s3/buckets/solsticedev%3Fregion%3Dap-south-1%26bucketType%3Dgeneral%26prefix%3Dcms/%26showversions%3Dfalse/ABN00681.JPG"
img_096,"https://solsticeprod.s3.ap-south-1.amazonaws.com/https%3A/%2Fap-south-1.console.aws.amazon.com/s3/buckets/solsticedev%3Fregion%3Dap-south-1%26bucketType%3Dgeneral%26prefix%3Dcms/%26showversions%3Dfalse/ABN00702.JPG"
img_097,"https://solsticeprod.s3.ap-south-1.amazonaws.com/https%3A/%2Fap-south-1.console.aws.amazon.com/s3/buckets/solsticedev%3Fregion%3Dap-south-1%26bucketType%3Dgeneral%26prefix%3Dcms/%26showversions%3Dfalse/ABN00728.JPG"
img_098,"https://solsticeprod.s3.ap-south-1.amazonaws.com/https%3A/%2Fap-south-1.console.aws.amazon.com/s3/buckets/solsticedev%3Fregion%3Dap-south-1%26bucketType%3Dgeneral%26prefix%3Dcms/%26showversions%3Dfalse/ABN00458.JPG"
img_099,"https://solsticeprod.s3.ap-south-1.amazonaws.com/https%3A/%2Fap-south-1.console.aws.amazon.com/s3/buckets/solsticedev%3Fregion%3Dap-south-1%26bucketType%3Dgeneral%26prefix%3Dcms/%26showversions%3Dfalse/ABN00468.JPG"
img_100,"https://solsticeprod.s3.ap-south-1.amazonaws.com/https%3A/%2Fap-south-1.console.aws.amazon.com/s3/buckets/solsticedev%3Fregion%3Dap-south-1%26bucketType%3Dgeneral%26prefix%3Dcms/%26showversions%3Dfalse/ABN00478.JPG"
img_101,"https://solsticeprod.s3.ap-south-1.amazonaws.com/digital-profiles/520/image_cropper_1BBCA024-1BE9-4286-9185-0F937C8BF986-2922-000000E292C750D0.jpg"
img_102,"https://solsticeprod.s3.ap-south-1.amazonaws.com/digital-profiles/839/image_cropper_1729683453817.jpg"
img_103,"https://solsticeprod.s3.ap-south-1.amazonaws.com/digital-profiles/335/image_cropper_1727609018074.jpg"
img_104,"https://solsticeprod.s3.ap-south-1.amazonaws.com/digital-profiles/651/image_cropper_1729169556835.jpg"
img_105,"https://solsticeprod.s3.ap-south-1.amazonaws.com/digital-profiles/469/image_cropper_1728730429617.jpg"
img_106,"https://solsticeprod.s3.ap-south-1.amazonaws.com/digital-profiles/1019/image_cropper_1729493575710.jpg"
img_107,"https://solsticeprod.s3.ap-south-1.amazonaws.com/digital-profiles/486/image_cropper_1728894123092.jpg"
img_108,"https://solsticeprod.s3.ap-south-1.amazonaws.com/digital-profiles/555/image_cropper_1729071687712.jpg"
img_109,"https://solsticeprod.s3.ap-south-1.amazonaws.com/https%3A/%2Fap-south-1.console.aws.amazon.com/s3/buckets/solsticedev%3Fregion%3Dap-south-1%26bucketType%3Dgeneral%26prefix%3Dcms/%26showversions%3Dfalse/jpeg-optimizer_ABN00576.JPG"
img_110,"https://solsticeprod.s3.ap-south-1.amazonaws.com/digital-profiles/1363/image_cropper_1729748587834.jpg"
img_111,"https://solsticeprod.s3.ap-south-1.amazonaws.com/digital-profiles/1271/image_cropper_1729686120455.jpg"
img_112,"https://solsticeprod.s3.ap-south-1.amazonaws.com/digital-profiles/276/image_cropper_1727274703801.jpg"
img_113,"https://solsticeprod.s3.ap-south-1.amazonaws.com/https%3A/%2Fap-south-1.console.aws.amazon.com/s3/buckets/solsticedev%3Fregion%3Dap-south-1%26bucketType%3Dgeneral%26prefix%3Dcms/%26showversions%3Dfalse/Screenshot%202024-07-11%20at%204.36.05%E2%80%AFPM.png"
img_114,"https://solsticeprod.s3.ap-south-1.amazonaws.com/digital-profiles/356/image_cropper_5CB5BFA0-188C-4AB8-8E31-69E24A71C104-32441-00000ECA94320E56.jpg"
img_115,"https://solsticeprod.s3.ap-south-1.amazonaws.com/digital-profiles/417/image_cropper_1728471091190.jpg"
img_116,"https://solsticeprod.s3.ap-south-1.amazonaws.com/digital-profiles/290/image_cropper_1727578192424.jpg"
img_117,"https://solsticeprod.s3.ap-south-1.amazonaws.com/digital-profiles/683/image_cropper_1729177925969.jpg"
img_118,"https://solsticeprod.s3.ap-south-1.amazonaws.com/digital-profiles/460/image_cropper_1728648325046.jpg"
img_119,"https://solsticeprod.s3.ap-south-1.amazonaws.com/digital-profiles/1452/image_cropper_1729770597990.jpg"
img_120,"https://solsticeprod.s3.ap-south-1.amazonaws.com/https%3A/%2Fap-south-1.console.aws.amazon.com/s3/buckets/solsticedev%3Fregion%3Dap-south-1%26bucketType%3Dgeneral%26prefix%3Dcms/%26showversions%3Dfalse/ABN00555.JPG"
img_121,"https://solsticeprod.s3.ap-south-1.amazonaws.com/digital-profiles/390/image_cropper_1728293972799.jpg"
img_122,"https://solsticeprod.s3.ap-south-1.amazonaws.com/digital-profiles/36/WhatsApp%20Image%202024-08-01%20at%2018.44.52.jpeg"
img_123,"https://solsticeprod.s3.ap-south-1.amazonaws.com/digital-profiles/307/image_cropper_1727700379835.jpg"
img_124,"https://solsticeprod.s3.ap-south-1.amazonaws.com/digital-profiles/42/36-diwali-wallpaper.1440.jpg"
img_125,"https://solsticeprod.s3.ap-south-1.amazonaws.com/digital-profiles/1511/image_cropper_1729785964118.jpg"
img_126,"https://solsticeprod.s3.ap-south-1.amazonaws.com/digital-profiles/330/image_cropper_E7F6EC54-C265-4659-9FDF-F5020B544D97-75373-00000CF0BFF33267.jpg"
img_127,"https://solsticeprod.s3.ap-south-1.amazonaws.com/digital-profiles/290/image_cropper_1729340098752.jpg"
img_128,"https://solsticeprod.s3.ap-south-1.amazonaws.com/digital-profiles/228/image_cropper_1728609132294.jpg"
img_129,"https://solsticeprod.s3.ap-south-1.amazonaws.com/digital-profiles/792/image_cropper_1729258957694.jpg"
img_130,"https://solsticeprod.s3.ap-south-1.amazonaws.com/https%3A/%2Fap-south-1.console.aws.amazon.com/s3/buckets/solsticedev%3Fregion%3Dap-south-1%26bucketType%3Dgeneral%26prefix%3Dcms/%26showversions%3Dfalse/ABN00550.JPG"
img_131,"https://solsticeprod.s3.ap-south-1.amazonaws.com/digital-profiles/42/36-diwali-wallpaper.1440.jpg"
img_132,"https://solsticeprod.s3.ap-south-1.amazonaws.com/digital-profiles/1187/image_cropper_1729611107446.jpg"
img_133,"https://solsticeprod.s3.ap-south-1.amazonaws.com/digital-profiles/452/image_cropper_1729415392253.jpg"
img_134,"https://solsticeprod.s3.ap-south-1.amazonaws.com/digital-profiles/227/image_cropper_1727029537340.jpg"
img_135,"https://solsticeprod.s3.ap-south-1.amazonaws.com/digital-profiles/917/image_cropper_1729327157140.jpg"
img_136,"https://solsticeprod.s3.ap-south-1.amazonaws.com/digital-profiles/1132/image_cropper_1729608738706.jpg"
img_137,"https://solsticeprod.s3.ap-south-1.amazonaws.com/digital-profiles/690/image_cropper_1729687921025.jpg"
img_138,"https://solsticeprod.s3.ap-south-1.amazonaws.com/digital-profiles/171/image_cropper_1726723069281.jpg"
img_139,"https://solsticeprod.s3.ap-south-1.amazonaws.com/digital-profiles/1097/image_cropper_1729590299206.jpg"
img_140,"https://solsticeprod.s3.ap-south-1.amazonaws.com/digital-profiles/618/image_cropper_1729780939988.jpg"
img_141,"https://solsticeprod.s3.ap-south-1.amazonaws.com/digital-profiles/611/image_cropper_1729132270590.jpg"
img_142,"https://solsticeprod.s3.ap-south-1.amazonaws.com/digital-profiles/554/image_cropper_1729071248438.jpg"
img_143,"https://solsticeprod.s3.ap-south-1.amazonaws.com/digital-profiles/35/cam1.jpg"
img_144,"https://solsticeprod.s3.ap-south-1.amazonaws.com/digital-profiles/1561/insta_assets_crop_4a64ee72-0403-42d9-aaab-f834a77cfcac3090176532895837122.jpg"
img_145,"https://solsticeprod.s3.ap-south-1.amazonaws.com/digital-profiles/1193/image_cropper_1729744049220.jpg"
img_146,"https://solsticeprod.s3.ap-south-1.amazonaws.com/digital-profiles/559/image_cropper_1729073072225.jpg"
img_147,"https://solsticeprod.s3.ap-south-1.amazonaws.com/digital-profiles/194/image_cropper_1726821358500.jpg"
img_148,"https://solsticeprod.s3.ap-south-1.amazonaws.com/digital-profiles/111/image_cropper_1726652899708.jpg"
img_149,"https://solsticeprod.s3.ap-south-1.amazonaws.com/digital-profiles/764/image_cropper_1729248986928.jpg"
img_150,"https://solsticeprod.s3.ap-south-1.amazonaws.com/digital-profiles/722/image_cropper_1729185089880.jpg"
img_151,"https://solsticeprod.s3.ap-south-1.amazonaws.com/digital-profiles/1124/image_cropper_1729605779778.jpg"
img_152,"https://solsticeprod.s3.ap-south-1.amazonaws.com/digital-profiles/748/image_cropper_1729240265455.jpg"
img_153,"https://solsticeprod.s3.ap-south-1.amazonaws.com/digital-profiles/1570/insta_assets_crop_3d60aa68-73e0-4ce6-855c-773c3b5bc92f7969811577975803943.jpg"
img_154,"https://solsticeprod.s3.ap-south-1.amazonaws.com/digital-profiles/1695/insta_assets_crop_d8e81cfe-d37d-488b-a9da-b678b97662b4312934723258718739.jpg"
img_155,"https://solsticeprod.s3.ap-south-1.amazonaws.com/digital-profiles/1748/insta_assets_crop_9bec278a-09c5-48c6-8c88-78a8e24bb66e3642374866548870565.jpg"
img_156,"https://solsticeprod.s3.ap-south-1.amazonaws.com/digital-profiles/193/image_cropper_1726818376701.jpg"
img_157,"https://solsticeprod.s3.ap-south-1.amazonaws.com/digital-profiles/886/image_cropper_1729269889848.jpg"
img_158,"https://solsticeprod.s3.ap-south-1.amazonaws.com/digital-profiles/1261/image_cropper_1729679421302.jpg"
img_159,"https://solsticeprod.s3.ap-south-1.amazonaws.com/digital-profiles/1150/image_cropper_1729608808379.jpg"
img_160,"https://solsticeprod.s3.ap-south-1.amazonaws.com/digital-profiles/611/image_cropper_1729136533726.jpg"
img_161,"https://solsticeprod.s3.ap-south-1.amazonaws.com/digital-profiles/1106/image_cropper_1729602556775.jpg"
img_162,"https://solsticeprod.s3.ap-south-1.amazonaws.com/digital-profiles/477/image_cropper_1728831942134.jpg"
img_163,"https://solsticeprod.s3.ap-south-1.amazonaws.com/digital-profiles/41/36-diwali-wallpaper.1440.jpg"
img_164,"https://solsticeprod.s3.ap-south-1.amazonaws.com/digital-profiles/77/image_cropper_1726548786966.jpg"
img_165,"https://solsticeprod.s3.ap-south-1.amazonaws.com/digital-profiles/1442/image_cropper_1729766273932.jpg"
img_166,"https://solsticeprod.s3.ap-south-1.amazonaws.com/digital-profiles/468/image_cropper_1729262047080.jpg"
img_167,"https://solsticeprod.s3.ap-south-1.amazonaws.com/digital-profiles/575/image_cropper_1729090301931.jpg"
img_168,"https://solsticeprod.s3.ap-south-1.amazonaws.com/digital-profiles/732/image_cropper_F56A7A44-95D9-4D99-B07B-542F5D1633FE-8275-0000053C613B1C11.jpg"
img_169,"https://solsticeprod.s3.ap-south-1.amazonaws.com/digital-profiles/690/image_cropper_1729608720028.jpg"
img_170,"https://solsticeprod.s3.ap-south-1.amazonaws.com/digital-profiles/654/image_cropper_1729223834676.jpg"
img_171,"https://solsticeprod.s3.ap-south-1.amazonaws.com/digital-profiles/73/image_cropper_1726537880927.jpg"
img_172,"https://solsticeprod.s3.ap-south-1.amazonaws.com/digital-profiles/1358/image_cropper_1729744095718.jpg"
img_173,"https://solsticeprod.s3.ap-south-1.amazonaws.com/digital-profiles/287/image_cropper_1727349839506.jpg"
img_174,"https://solsticeprod.s3.ap-south-1.amazonaws.com/digital-profiles/847/image_cropper_1729488253036.jpg"
img_175,"https://solsticeprod.s3.ap-south-1.amazonaws.com/digital-profiles/618/image_cropper_1729141357040.jpg"
img_176,"https://solsticeprod.s3.ap-south-1.amazonaws.com/digital-profiles/47/image_cropper_1726567678197.jpg"
img_177,"https://solsticeprod.s3.ap-south-1.amazonaws.com/digital-profiles/443/image_cropper_1728568657882.jpg"
img_178,"https://solsticeprod.s3.ap-south-1.amazonaws.com/digital-profiles/484/image_cropper_1728969605496.jpg"
img_179,"https://solsticeprod.s3.ap-south-1.amazonaws.com/digital-profiles/883/image_cropper_1729269922973.jpg"
img_180,"https://solsticeprod.s3.ap-south-1.amazonaws.com/digital-profiles/1297/image_cropper_1729697207980.jpg"
img_181,"https://solsticeprod.s3.ap-south-1.amazonaws.com/digital-profiles/1082/image_cropper_1729578278820.jpg"
img_182,"https://solsticeprod.s3.ap-south-1.amazonaws.com/digital-profiles/138/image_cropper_1727768662938.jpg"
img_183,"https://solsticeprod.s3.ap-south-1.amazonaws.com/digital-profiles/675/image_cropper_D06F8068-1D50-4D75-9E44-6D9A7269B525-2862-00000111C20E7DC5.jpg"
img_184,"https://solsticeprod.s3.ap-south-1.amazonaws.com/digital-profiles/36/WhatsApp%20Image%202024-08-01%20at%2018.45.14%20%281%29.jpeg"
img_185,"https://solsticeprod.s3.ap-south-1.amazonaws.com/digital-profiles/1667/insta_assets_crop_a46907b6-2a50-4ebf-a4a3-da16145e4dfa6263437988023872189.jpg"
img_186,"https://solsticeprod.s3.ap-south-1.amazonaws.com/digital-profiles/47/image_cropper_1726458925787.jpg"
img_187,"https://solsticeprod.s3.ap-south-1.amazonaws.com/digital-profiles/8/image_cropper_1729586762495.jpg"
img_188,"https://solsticeprod.s3.ap-south-1.amazonaws.com/digital-profiles/1084/image_cropper_1729578614508.jpg"
img_189,"https://solsticeprod.s3.ap-south-1.amazonaws.com/digital-profiles/640/image_cropper_1729690053070.jpg"
img_190,"https://solsticeprod.s3.ap-south-1.amazonaws.com/digital-profiles/443/image_cropper_1728568504777.jpg"
img_191,"https://solsticeprod.s3.ap-south-1.amazonaws.com/digital-profiles/160/image_cropper_1728525612455.jpg"
img_192,"https://solsticeprod.s3.ap-south-1.amazonaws.com/digital-profiles/166/image_cropper_1726717399373.jpg"
img_193,"https://solsticeprod.s3.ap-south-1.amazonaws.com/digital-profiles/651/image_cropper_1729217327495.jpg"
img_194,"https://solsticeprod.s3.ap-south-1.amazonaws.com/https%3A/%2Fap-south-1.console.aws.amazon.com/s3/buckets/solsticedev%3Fregion%3Dap-south-1%26bucketType%3Dgeneral%26prefix%3Dcms/%26showversions%3Dfalse/Screenshot%202024-07-11%20at%205.16.42%E2%80%AFPM.png"
img_195,"https://solsticeprod.s3.ap-south-1.amazonaws.com/digital-profiles/28/image_cropper_1726487339470.jpg"
img_196,"https://solsticeprod.s3.ap-south-1.amazonaws.com/digital-profiles/506/image_cropper_1729051068025.jpg"
img_197,"https://solsticeprod.s3.ap-south-1.amazonaws.com/digital-profiles/1281/image_cropper_1729702294726.jpg"
img_198,"https://solsticeprod.s3.ap-south-1.amazonaws.com/https%3A/%2Fap-south-1.console.aws.amazon.com/s3/buckets/solsticedev%3Fregion%3Dap-south-1%26bucketType%3Dgeneral%26prefix%3Dcms/%26showversions%3Dfalse/Enscape_2024-03-06-13-19-55-min.png"
img_199,"https://solsticeprod.s3.ap-south-1.amazonaws.com/digital-profiles/680/image_cropper_1729177970341.jpg"
img_200,"https://solsticeprod.s3.ap-south-1.amazonaws.com/digital-profiles/145/image_cropper_1726669873273.jpg"
img_201,"https://solsticeprod.s3.ap-south-1.amazonaws.com/digital-profiles/1459/image_cropper_1729774663897.jpg"
img_202,"https://solsticeprod.s3.ap-south-1.amazonaws.com/digital-profiles/945/image_cropper_1729360868687.jpg"
img_203,"https://solsticeprod.s3.ap-south-1.amazonaws.com/digital-profiles/36/WhatsApp%20Image%202024-08-01%20at%2018.45.01%20%282%29.jpeg"
img_204,"https://solsticeprod.s3.ap-south-1.amazonaws.com/digital-profiles/626/image_cropper_1729159818842.jpg"
img_205,"https://solsticeprod.s3.ap-south-1.amazonaws.com/https%3A/%2Fap-south-1.console.aws.amazon.com/s3/buckets/solsticedev%3Fregion%3Dap-south-1%26bucketType%3Dgeneral%26prefix%3Dcms/%26showversions%3Dfalse/pexels-photo-2440471.jpeg"
img_206,"https://solsticeprod.s3.ap-south-1.amazonaws.com/https%3A/%2Fap-south-1.console.aws.amazon.com/s3/buckets/solsticedev%3Fregion%3Dap-south-1%26bucketType%3Dgeneral%26prefix%3Dcms/%26showversions%3Dfalse/Screenshot%202024-07-11%20at%205.15.49%E2%80%AFPM.png"
img_207,"https://solsticeprod.s3.ap-south-1.amazonaws.com/digital-profiles/849/image_cropper_1729264001134.jpg"
img_208,"https://solsticeprod.s3.ap-south-1.amazonaws.com/digital-profiles/110/image_cropper_1727508469596.jpg"
img_209,"https://solsticeprod.s3.ap-south-1.amazonaws.com/digital-profiles/35/WhatsApp%20Image%202024-07-25%20at%2017.59.44.jpeg"
img_210,"https://solsticeprod.s3.ap-south-1.amazonaws.com/digital-profiles/109/image_cropper_1726639432298.jpg"
img_211,"https://solsticeprod.s3.ap-south-1.amazonaws.com/digital-profiles/1250/image_cropper_1729686374468.jpg"
img_212,"https://solsticeprod.s3.ap-south-1.amazonaws.com/digital-profiles/1738/insta_assets_crop_48572367-ffab-4a93-a847-69972b42de557071422472219206379.jpg"
img_213,"https://solsticeprod.s3.ap-south-1.amazonaws.com/digital-profiles/726/image_cropper_1729677149591.jpg"
img_214,"https://solsticeprod.s3.ap-south-1.amazonaws.com/digital-profiles/1595/insta_assets_crop_20ab041d-dd77-4af6-b3ee-4e4fe9883f036221420655321949684.jpg"
img_215,"https://solsticeprod.s3.ap-south-1.amazonaws.com/digital-profiles/830/image_cropper_1729409797469.jpg"
img_216,"https://solsticeprod.s3.ap-south-1.amazonaws.com/digital-profiles/1452/image_cropper_1729769716780.jpg"
img_217,"https://solsticeprod.s3.ap-south-1.amazonaws.com/digital-profiles/569/image_cropper_1729079648618.jpg"
img_218,"https://solsticeprod.s3.ap-south-1.amazonaws.com/digital-profiles/890/image_cropper_1729317697036.jpg"
img_219,"https://solsticeprod.s3.ap-south-1.amazonaws.com/digital-profiles/830/image_cropper_1729409611890.jpg"
img_220,"https://solsticeprod.s3.ap-south-1.amazonaws.com/digital-profiles/618/image_cropper_1729594812251.jpg"
img_221,"https://solsticeprod.s3.ap-south-1.amazonaws.com/digital-profiles/1041/image_cropper_1729522086593.jpg"
img_222,"https://solsticeprod.s3.ap-south-1.amazonaws.com/digital-profiles/171/image_cropper_1727954630138.jpg"
img_223,"https://solsticeprod.s3.ap-south-1.amazonaws.com/digital-profiles/256/image_cropper_1727244094049.jpg"
img_224,"https://solsticeprod.s3.ap-south-1.amazonaws.com/digital-profiles/747/image_cropper_1729239809030.jpg"
img_225,"https://solsticeprod.s3.ap-south-1.amazonaws.com/digital-profiles/1547/insta_assets_crop_a11b607e-3ef1-45f8-b04e-de0abfa410d97205265202102720157.jpg"
img_226,"https://solsticeprod.s3.ap-south-1.amazonaws.com/digital-profiles/209/image_cropper_1726914156967.jpg"
img_227,"https://solsticeprod.s3.ap-south-1.amazonaws.com/digital-profiles/496/image_cropper_1728990358384.jpg"
img_228,"https://solsticeprod.s3.ap-south-1.amazonaws.com/digital-profiles/690/image_cropper_1729781938697.jpg"
img_229,"https://solsticeprod.s3.ap-south-1.amazonaws.com/digital-profiles/1341/image_cropper_1729755557251.jpg"
img_230,"https://solsticeprod.s3.ap-south-1.amazonaws.com/digital-profiles/1010/image_cropper_1729478560160.jpg"
img_231,"https://solsticeprod.s3.ap-south-1.amazonaws.com/digital-profiles/659/image_cropper_1729169516108.jpg"
img_232,"https://solsticeprod.s3.ap-south-1.amazonaws.com/digital-profiles/194/image_cropper_1726821373398.jpg"
img_233,"https://solsticeprod.s3.ap-south-1.amazonaws.com/digital-profiles/880/image_cropper_1729272626940.jpg"
img_234,"https://solsticeprod.s3.ap-south-1.amazonaws.com/digital-profiles/739/image_cropper_1729675863998.jpg"
img_235,"https://solsticeprod.s3.ap-south-1.amazonaws.com/digital-profiles/300/image_cropper_1729331901397.jpg"
img_236,"https://solsticeprod.s3.ap-south-1.amazonaws.com/https%3A/%2Fap-south-1.console.aws.amazon.com/s3/buckets/solsticedev%3Fregion%3Dap-south-1%26bucketType%3Dgeneral%26prefix%3Dcms/%26showversions%3Dfalse/901%20MBR%202.jpg"
img_237,"https://solsticeprod.s3.ap-south-1.amazonaws.com/digital-profiles/39/357e0881-4705-4040-b26e-6dd35197ad9b2472179051890747112.jpg"
img_238,"https://solsticeprod.s3.ap-south-1.amazonaws.com/digital-profiles/618/image_cropper_1729140780842.jpg"
img_239,"https://solsticeprod.s3.ap-south-1.amazonaws.com/digital-profiles/1034/image_cropper_1729622870684.jpg"
img_240,"https://solsticeprod.s3.ap-south-1.amazonaws.com/digital-profiles/404/image_cropper_1728376658428.jpg"
img_241,"https://solsticeprod.s3.ap-south-1.amazonaws.com/digital-profiles/690/image_cropper_1729686876657.jpg"
img_242,"https://solsticeprod.s3.ap-south-1.amazonaws.com/digital-profiles/1349/image_cropper_1729738981100.jpg"
img_243,"https://solsticeprod.s3.ap-south-1.amazonaws.com/digital-profiles/523/image_cropper_1729483436589.jpg"
img_244,"https://solsticeprod.s3.ap-south-1.amazonaws.com/digital-profiles/1344/image_cropper_1729702916678.jpg"
img_245,"https://solsticeprod.s3.ap-south-1.amazonaws.com/digital-profiles/640/image_cropper_1729689838193.jpg"
img_246,"https://solsticeprod.s3.ap-south-1.amazonaws.com/digital-profiles/1065/image_cropper_1729517741573.jpg"
img_247,"https://solsticeprod.s3.ap-south-1.amazonaws.com/digital-profiles/618/image_cropper_1729140069382.jpg"
img_248,"https://solsticeprod.s3.ap-south-1.amazonaws.com/digital-profiles/523/image_cropper_1729341430678.jpg"
img_249,"https://solsticeprod.s3.ap-south-1.amazonaws.com/https%3A/%2Fap-south-1.console.aws.amazon.com/s3/buckets/solsticedev%3Fregion%3Dap-south-1%26bucketType%3Dgeneral%26prefix%3Dcms/%26showversions%3Dfalse/901%20dinning.jpg"
img_250,"https://solsticeprod.s3.ap-south-1.amazonaws.com/digital-profiles/459/image_cropper_1728742232652.jpg"
img_251,"https://solsticeprod.s3.ap-south-1.amazonaws.com/digital-profiles/244/image_cropper_1727228880465.jpg"
img_252,"https://solsticeprod.s3.ap-south-1.amazonaws.com/digital-profiles/347/image_cropper_1727693499061.jpg"
img_253,"https://solsticeprod.s3.ap-south-1.amazonaws.com/digital-profiles/1185/image_cropper_1729611094350.jpg"
img_254,"https://solsticeprod.s3.ap-south-1.amazonaws.com/https%3A/%2Fap-south-1.console.aws.amazon.com/s3/buckets/solsticedev%3Fregion%3Dap-south-1%26bucketType%3Dgeneral%26prefix%3Dcms/%26showversions%3Dfalse/ABN00576.JPG"
img_255,"https://solsticeprod.s3.ap-south-1.amazonaws.com/digital-profiles/599/image_cropper_1729099375278.jpg"
img_256,"https://solsticeprod.s3.ap-south-1.amazonaws.com/digital-profiles/1738/insta_assets_crop_d47d4daf-c404-4452-ad59-fb59499101e47312030079720566930.jpg"
img_257,"https://solsticeprod.s3.ap-south-1.amazonaws.com/digital-profiles/134/image_cropper_6EAE14BF-E738-4A16-AB55-F6BA3E5D7003-2931-00000128904C2FBE.jpg"
img_258,"https://solsticeprod.s3.ap-south-1.amazonaws.com/digital-profiles/1464/image_cropper_1729776325021.jpg"
img_259,"https://solsticeprod.s3.ap-south-1.amazonaws.com/digital-profiles/724/image_cropper_1729186252119.jpg"
img_260,"https://solsticeprod.s3.ap-south-1.amazonaws.com/digital-profiles/290/image_cropper_1727357662682.jpg"
img_261,"https://solsticeprod.s3.ap-south-1.amazonaws.com/digital-profiles/443/image_cropper_1728579200635.jpg"
img_262,"https://solsticeprod.s3.ap-south-1.amazonaws.com/digital-profiles/171/image_cropper_1728128755685.jpg"
img_263,"https://solsticeprod.s3.ap-south-1.amazonaws.com/digital-profiles/366/image_cropper_1729094054228.jpg"
img_264,"https://solsticeprod.s3.ap-south-1.amazonaws.com/digital-profiles/138/image_cropper_1727768447595.jpg"
img_265,"https://solsticeprod.s3.ap-south-1.amazonaws.com/digital-profiles/459/image_cropper_1728741950604.jpg"
img_266,"https://solsticeprod.s3.ap-south-1.amazonaws.com/https%3A/%2Fap-south-1.console.aws.amazon.com/s3/buckets/solsticedev%3Fregion%3Dap-south-1%26bucketType%3Dgeneral%26prefix%3Dcms/%26showversions%3Dfalse/Screenshot%202024-07-11%20at%204.36.02%E2%80%AFPM.png"
img_267,"https://solsticeprod.s3.ap-south-1.amazonaws.com/digital-profiles/690/image_cropper_1729243813946.jpg"
img_268,"https://solsticeprod.s3.ap-south-1.amazonaws.com/digital-profiles/39/image_cropper_1726421441081.jpg"
img_269,"https://solsticeprod.s3.ap-south-1.amazonaws.com/digital-profiles/1148/image_cropper_1729616378967.jpg"
img_270,"https://solsticeprod.s3.ap-south-1.amazonaws.com/digital-profiles/1371/image_cropper_A95F88ED-0A32-4178-BCFF-D437340D4E5D-9135-000009B699D731E4.jpg"
img_271,"https://solsticeprod.s3.ap-south-1.amazonaws.com/digital-profiles/832/image_cropper_1729263273883.jpg"
img_272,"https://solsticeprod.s3.ap-south-1.amazonaws.com/digital-profiles/774/image_cropper_1729253115310.jpg"
img_273,"https://solsticeprod.s3.ap-south-1.amazonaws.com/digital-profiles/498/image_cropper_1729000436790.jpg"
img_274,"https://solsticeprod.s3.ap-south-1.amazonaws.com/digital-profiles/375/image_cropper_8B2943E8-269F-462C-A7F5-F858876DA2EB-13214-0000042162522908.jpg"
img_275,"https://solsticeprod.s3.ap-south-1.amazonaws.com/digital-profiles/779/image_cropper_1729415210876.jpg"
img_276,"https://solsticeprod.s3.ap-south-1.amazonaws.com/digital-profiles/446/image_cropper_1728570104952.jpg"
img_277,"https://solsticeprod.s3.ap-south-1.amazonaws.com/digital-profiles/1378/image_cropper_1729752206670.jpg"
img_278,"https://solsticeprod.s3.ap-south-1.amazonaws.com/digital-profiles/209/image_cropper_1726914865696.jpg"
img_279,"https://solsticeprod.s3.ap-south-1.amazonaws.com/digital-profiles/611/image_cropper_1729135569998.jpg"
img_280,"https://solsticeprod.s3.ap-south-1.amazonaws.com/digital-profiles/1142/image_cropper_1729608768776.jpg"
img_281,"https://solsticeprod.s3.ap-south-1.amazonaws.com/digital-profiles/1436/image_cropper_1729763661215.jpg"
img_282,"https://solsticeprod.s3.ap-south-1.amazonaws.com/digital-profiles/606/image_cropper_1729164058786.jpg"
img_283,"https://solsticeprod.s3.ap-south-1.amazonaws.com/digital-profiles/36/WhatsApp%20Image%202024-08-01%20at%2018.45.04%20%281%29.jpeg"
img_284,"https://solsticeprod.s3.ap-south-1.amazonaws.com/digital-profiles/452/image_cropper_1728890051580.jpg"
img_285,"https://solsticeprod.s3.ap-south-1.amazonaws.com/digital-profiles/514/image_cropper_1729058330427.jpg"
img_286,"https://solsticeprod.s3.ap-south-1.amazonaws.com/digital-profiles/415/image_cropper_1728459478041.jpg"
img_287,"https://solsticeprod.s3.ap-south-1.amazonaws.com/digital-profiles/72/image_cropper_1726537265092.jpg"
img_288,"https://solsticeprod.s3.ap-south-1.amazonaws.com/digital-profiles/611/image_cropper_1729135450008.jpg"
img_289,"https://solsticeprod.s3.ap-south-1.amazonaws.com/digital-profiles/171/image_cropper_1728128559040.jpg"
img_290,"https://solsticeprod.s3.ap-south-1.amazonaws.com/digital-profiles/1372/image_cropper_1729819015381.jpg"
img_291,"https://solsticeprod.s3.ap-south-1.amazonaws.com/digital-profiles/830/image_cropper_1729275312313.jpg"
img_292,"https://solsticeprod.s3.ap-south-1.amazonaws.com/digital-profiles/443/image_cropper_1728578758191.jpg"
img_293,"https://solsticeprod.s3.ap-south-1.amazonaws.com/digital-profiles/487/image_cropper_1728896307779.jpg"
img_294,"https://solsticeprod.s3.ap-south-1.amazonaws.com/digital-profiles/556/image_cropper_1729072386499.jpg"
img_295,"https://solsticeprod.s3.ap-south-1.amazonaws.com/digital-profiles/1570/insta_assets_crop_5ae2e1c0-e3ff-4635-b36b-9d05b23fadcd7084070613397781011.jpg"
img_296,"https://solsticeprod.s3.ap-south-1.amazonaws.com/digital-profiles/1452/image_cropper_1729770709871.jpg"
img_297,"https://solsticeprod.s3.ap-south-1.amazonaws.com/digital-profiles/459/image_cropper_1728815996715.jpg"
img_298,"https://solsticeprod.s3.ap-south-1.amazonaws.com/https%3A/%2Fap-south-1.console.aws.amazon.com/s3/buckets/solsticedev%3Fregion%3Dap-south-1%26bucketType%3Dgeneral%26prefix%3Dcms/%26showversions%3Dfalse/jpeg-optimizer_ABN00555.JPG"
img_299,"https://solsticeprod.s3.ap-south-1.amazonaws.com/https%3A/%2Fap-south-1.console.aws.amazon.com/s3/buckets/solsticedev%3Fregion%3Dap-south-1%26bucketType%3Dgeneral%26prefix%3Dcms/%26showversions%3Dfalse/Screenshot%202024-07-16%20at%203.42.12%E2%80%AFPM.png"
img_300,"https://solsticeprod.s3.ap-south-1.amazonaws.com/digital-profiles/54/image_cropper_3DE78D89-73A2-418C-87FD-DB87C3014898-4080-000002436830EB98.jpg"
img_301,"https://solsticeprod.s3.ap-south-1.amazonaws.com/digital-profiles/496/image_cropper_1729099324356.jpg"
img_302,"https://solsticeprod.s3.ap-south-1.amazonaws.com/digital-profiles/308/image_cropper_1728305976837.jpg"
img_303,"https://solsticeprod.s3.ap-south-1.amazonaws.com/digital-profiles/224/image_cropper_1727018446307.jpg"
img_304,"https://solsticeprod.s3.ap-south-1.amazonaws.com/digital-profiles/1600/insta_assets_crop_246d2869-0e7c-4cd9-b4ad-2ea33ab81b7c8304546360719746902.jpg"
img_305,"https://solsticeprod.s3.ap-south-1.amazonaws.com/digital-profiles/1134/image_cropper_1729613899466.jpg"
img_306,"https://solsticeprod.s3.ap-south-1.amazonaws.com/digital-profiles/260/image_cropper_1727316448026.jpg"
img_307,"https://solsticeprod.s3.ap-south-1.amazonaws.com/digital-profiles/275/image_cropper_1727274545895.jpg"
img_308,"https://solsticeprod.s3.ap-south-1.amazonaws.com/digital-profiles/1365/image_cropper_1729749111621.jpg"
img_309,"https://solsticeprod.s3.ap-south-1.amazonaws.com/digital-profiles/404/image_cropper_1728376012754.jpg"
img_310,"https://solsticeprod.s3.ap-south-1.amazonaws.com/digital-profiles/888/image_cropper_1729269989426.jpg"
img_311,"https://solsticeprod.s3.ap-south-1.amazonaws.com/digital-profiles/8/image_cropper_A1A66B09-C0F2-4361-ABE5-4CFFBDA41EB2-388-0000003D2A8A64F6.jpg"
img_312,"https://solsticeprod.s3.ap-south-1.amazonaws.com/digital-profiles/1426/image_cropper_1729781946834.jpg"
img_313,"https://solsticeprod.s3.ap-south-1.amazonaws.com/digital-profiles/509/image_cropper_1729053997458.jpg"
img_314,"https://solsticeprod.s3.ap-south-1.amazonaws.com/digital-profiles/214/image_cropper_1728293218881.jpg"
img_315,"https://solsticeprod.s3.ap-south-1.amazonaws.com/digital-profiles/8/image_cropper_43516510-8524-4D17-A877-A0185C096574-388-00000035D6A1838E.jpg"
img_316,"https://solsticeprod.s3.ap-south-1.amazonaws.com/digital-profiles/1039/image_cropper_1729499723734.jpg"
img_317,"https://solsticeprod.s3.ap-south-1.amazonaws.com/digital-profiles/637/image_cropper_1729238861629.jpg"
img_318,"https://solsticeprod.s3.ap-south-1.amazonaws.com/digital-profiles/68/image_cropper_1726507681881.jpg"
img_319,"https://solsticeprod.s3.ap-south-1.amazonaws.com/digital-profiles/1340/image_cropper_1729700707569.jpg"
img_320,"https://solsticeprod.s3.ap-south-1.amazonaws.com/digital-profiles/131/image_cropper_1726667550245.jpg"
img_321,"https://solsticeprod.s3.ap-south-1.amazonaws.com/digital-profiles/665/image_cropper_32F783A4-D6B5-431F-9E7E-86E39AC3CF26-5121-0000034B5FFA235E.jpg"
img_322,"https://solsticeprod.s3.ap-south-1.amazonaws.com/digital-profiles/194/image_cropper_1726821053189.jpg"
img_323,"https://solsticeprod.s3.ap-south-1.amazonaws.com/digital-profiles/496/image_cropper_1729098715147.jpg"
img_324,"https://solsticeprod.s3.ap-south-1.amazonaws.com/digital-profiles/618/image_cropper_1729781077824.jpg"
img_325,"https://solsticeprod.s3.ap-south-1.amazonaws.com/digital-profiles/812/image_cropper_1729261912825.jpg"
img_326,"https://solsticeprod.s3.ap-south-1.amazonaws.com/digital-profiles/820/image_cropper_1729262195519.jpg"
img_327,"https://solsticeprod.s3.ap-south-1.amazonaws.com/digital-profiles/219/image_cropper_1729742527947.jpg"
img_328,"https://solsticeprod.s3.ap-south-1.amazonaws.com/digital-profiles/290/image_cropper_1729340146010.jpg"
img_329,"https://solsticeprod.s3.ap-south-1.amazonaws.com/digital-profiles/147/image_cropper_1726671052632.jpg"
img_330,"https://solsticeprod.s3.ap-south-1.amazonaws.com/digital-profiles/498/image_cropper_1729000027320.jpg"
img_331,"https://solsticeprod.s3.ap-south-1.amazonaws.com/digital-profiles/675/image_cropper_820EC0B6-8521-4466-90C3-47122898BF3F-2862-000001100AF23DCA.jpg"
img_332,"https://solsticeprod.s3.ap-south-1.amazonaws.com/digital-profiles/119/FirebasePopup%20%28Updated%29.png"
img_333,"https://solsticeprod.s3.ap-south-1.amazonaws.com/digital-profiles/1648/insta_assets_crop_cda581e3-3799-4009-9307-a8701cc0ec73341984793471102461.jpg"
img_334,"https://solsticeprod.s3.ap-south-1.amazonaws.com/digital-profiles/677/image_cropper_1729177482205.jpg"
img_335,"https://solsticeprod.s3.ap-south-1.amazonaws.com/digital-profiles/690/image_cropper_1729355702509.jpg"
img_336,"https://solsticeprod.s3.ap-south-1.amazonaws.com/digital-profiles/1097/image_cropper_1729590411130.jpg"
img_337,"https://solsticeprod.s3.ap-south-1.amazonaws.com/digital-profiles/945/image_cropper_1729360146740.jpg"
img_338,"https://solsticeprod.s3.ap-south-1.amazonaws.com/digital-profiles/149/image_cropper_1726718542456.jpg"
img_339,"https://solsticeprod.s3.ap-south-1.amazonaws.com/digital-profiles/500/image_cropper_1729002734803.jpg"
img_340,"https://solsticeprod.s3.ap-south-1.amazonaws.com/digital-profiles/460/image_cropper_1728721594203.jpg"
img_341,"https://solsticeprod.s3.ap-south-1.amazonaws.com/digital-profiles/1402/image_cropper_1729756489929.jpg"
img_342,"https://solsticeprod.s3.ap-south-1.amazonaws.com/digital-profiles/321/image_cropper_8B471245-C52B-4793-8179-E8596FD2E189-62920-000051EF929FE61B.jpg"
img_343,"https://solsticeprod.s3.ap-south-1.amazonaws.com/digital-profiles/1382/image_cropper_1729753065358.jpg"
img_344,"https://solsticeprod.s3.ap-south-1.amazonaws.com/digital-profiles/1570/insta_assets_crop_0f3ce8fb-571d-471d-9795-b8290bdd98e03284410847743187328.jpg"
img_345,"https://solsticeprod.s3.ap-south-1.amazonaws.com/digital-profiles/1366/image_cropper_1729749246873.jpg"
img_346,"https://solsticeprod.s3.ap-south-1.amazonaws.com/digital-profiles/799/image_cropper_1729260149610.jpg"
img_347,"https://solsticeprod.s3.ap-south-1.amazonaws.com/digital-profiles/718/image_cropper_1729182795914.jpg"
img_348,"https://solsticeprod.s3.ap-south-1.amazonaws.com/digital-profiles/1178/image_cropper_1729610991420.jpg"
img_349,"https://solsticeprod.s3.ap-south-1.amazonaws.com/digital-profiles/757/image_cropper_1729243947920.jpg"
img_350,"https://solsticeprod.s3.ap-south-1.amazonaws.com/digital-profiles/626/image_cropper_1729148792119.jpg"
img_351,"https://solsticeprod.s3.ap-south-1.amazonaws.com/digital-profiles/65/image_cropper_1726496452573.jpg"
img_352,"https://solsticeprod.s3.ap-south-1.amazonaws.com/digital-profiles/1079/image_cropper_1729760708519.jpg"
img_353,"https://solsticeprod.s3.ap-south-1.amazonaws.com/digital-profiles/87/image_cropper_1726559058984.jpg"
img_354,"https://solsticeprod.s3.ap-south-1.amazonaws.com/digital-profiles/842/image_cropper_1729263976875.jpg"
img_355,"https://solsticeprod.s3.ap-south-1.amazonaws.com/digital-profiles/830/image_cropper_1729263189019.jpg"
img_356,"https://solsticeprod.s3.ap-south-1.amazonaws.com/digital-profiles/238/image_cropper_1727104388157.jpg"
img_357,"https://solsticeprod.s3.ap-south-1.amazonaws.com/digital-profiles/460/image_cropper_1729074809647.jpg"
img_358,"https://solsticeprod.s3.ap-south-1.amazonaws.com/digital-profiles/1052/image_cropper_1729510854349.jpg"
img_359,"https://solsticeprod.s3.ap-south-1.amazonaws.com/digital-profiles/443/image_cropper_1728569315915.jpg"
img_360,"https://solsticeprod.s3.ap-south-1.amazonaws.com/digital-profiles/1686/image_cropper_1729866748230.jpg"
img_361,"https://solsticeprod.s3.ap-south-1.amazonaws.com/digital-profiles/297/image_cropper_1729172645955.jpg"
img_362,"https://solsticeprod.s3.ap-south-1.amazonaws.com/digital-profiles/999/image_cropper_1729522625183.jpg"
img_363,"https://solsticeprod.s3.ap-south-1.amazonaws.com/digital-profiles/742/image_cropper_1729238773102.jpg"
img_364,"https://solsticeprod.s3.ap-south-1.amazonaws.com/digital-profiles/1399/image_cropper_1729756069057.jpg"
img_365,"https://solsticeprod.s3.ap-south-1.amazonaws.com/digital-profiles/993/image_cropper_1729416478232.jpg"
img_366,"https://solsticeprod.s3.ap-south-1.amazonaws.com/digital-profiles/282/image_cropper_1727334056169.jpg"
img_367,"https://solsticeprod.s3.ap-south-1.amazonaws.com/digital-profiles/256/image_cropper_1727243566255.jpg"
img_368,"https://solsticeprod.s3.ap-south-1.amazonaws.com/digital-profiles/704/image_cropper_1729179241505.jpg"
img_369,"https://solsticeprod.s3.ap-south-1.amazonaws.com/digital-profiles/937/image_cropper_1729350619573.jpg"
img_370,"https://solsticeprod.s3.ap-south-1.amazonaws.com/digital-profiles/192/image_cropper_1726820110520.jpg"
img_371,"https://solsticeprod.s3.ap-south-1.amazonaws.com/digital-profiles/460/image_cropper_1728700249976.jpg"
img_372,"https://solsticeprod.s3.ap-south-1.amazonaws.com/digital-profiles/577/image_cropper_1729087284399.jpg"
img_373,"https://solsticeprod.s3.ap-south-1.amazonaws.com/digital-profiles/826/image_cropper_1729262569643.jpg"
img_374,"https://solsticeprod.s3.ap-south-1.amazonaws.com/digital-profiles/8/image_cropper_39674B79-4282-4777-A3CE-B431AA62882C-1402-000001696AD7F75F.jpg"
img_375,"https://solsticeprod.s3.ap-south-1.amazonaws.com/digital-profiles/626/image_cropper_1729160208464.jpg"
img_376,"https://solsticeprod.s3.ap-south-1.amazonaws.com/digital-profiles/1706/insta_assets_crop_5729fad3-173e-44d7-84e1-98323020b2a93799756653538878697.jpg"
img_377,"https://solsticeprod.s3.ap-south-1.amazonaws.com/digital-profiles/115/insta_assets_crop_fcc12b9f-6145-43ad-844b-61260dc5a5848556728731824537555.jpg"
img_378,"https://solsticeprod.s3.ap-south-1.amazonaws.com/digital-profiles/529/image_cropper_1729065494053.jpg"
img_379,"https://solsticeprod.s3.ap-south-1.amazonaws.com/digital-profiles/363/image_cropper_1727876445828.jpg"
img_380,"https://solsticeprod.s3.ap-south-1.amazonaws.com/digital-profiles/1131/image_cropper_1729608597445.jpg"
img_381,"https://solsticeprod.s3.ap-south-1.amazonaws.com/digital-profiles/35/6.jpg"
img_382,"https://solsticeprod.s3.ap-south-1.amazonaws.com/digital-profiles/53/image_cropper_1726467433786.jpg"
img_383,"https://solsticeprod.s3.ap-south-1.amazonaws.com/digital-profiles/523/image_cropper_1729591723536.jpg"
img_384,"https://solsticeprod.s3.ap-south-1.amazonaws.com/digital-profiles/667/image_cropper_1729178059221.jpg"
img_385,"https://solsticeprod.s3.ap-south-1.amazonaws.com/digital-profiles/755/image_cropper_1729529217550.jpg"
img_386,"https://solsticeprod.s3.ap-south-1.amazonaws.com/https%3A/%2Fap-south-1.console.aws.amazon.com/s3/buckets/solsticedev%3Fregion%3Dap-south-1%26bucketType%3Dgeneral%26prefix%3Dcms/%26showversions%3Dfalse/jpeg-optimizer_ABN00550.JPG"
img_387,"https://solsticeprod.s3.ap-south-1.amazonaws.com/digital-profiles/443/image_cropper_1728581794259.jpg"
img_388,"https://solsticeprod.s3.ap-south-1.amazonaws.com/digital-profiles/1738/insta_assets_crop_2783ff24-e371-45e3-b2c5-1c3748da1dbb7186717012756637841.jpg"
img_389,"https://solsticeprod.s3.ap-south-1.amazonaws.com/digital-profiles/1165/image_cropper_1729612787721.jpg"
img_390,"https://solsticeprod.s3.ap-south-1.amazonaws.com/digital-profiles/1463/image_cropper_1729776243616.jpg"
img_391,"https://solsticeprod.s3.ap-south-1.amazonaws.com/digital-profiles/687/image_cropper_1729178400125.jpg"
img_392,"https://solsticeprod.s3.ap-south-1.amazonaws.com/digital-profiles/833/image_cropper_1729593782948.jpg"
img_393,"https://solsticeprod.s3.ap-south-1.amazonaws.com/digital-profiles/53/image_cropper_1726667605475.jpg"
img_394,"https://solsticeprod.s3.ap-south-1.amazonaws.com/digital-profiles/890/image_cropper_1729361592410.jpg"
img_395,"https://solsticeprod.s3.ap-south-1.amazonaws.com/digital-profiles/1018/image_cropper_1729492000985.jpg"
img_396,"https://solsticeprod.s3.ap-south-1.amazonaws.com/digital-profiles/205/image_cropper_1726897823470.jpg"
img_397,"https://solsticeprod.s3.ap-south-1.amazonaws.com/digital-profiles/459/image_cropper_1728797629639.jpg"
img_398,"https://solsticeprod.s3.ap-south-1.amazonaws.com/digital-profiles/1239/image_cropper_1729736630413.jpg"
img_399,"https://solsticeprod.s3.ap-south-1.amazonaws.com/digital-profiles/222/image_cropper_1727009901876.jpg"
img_400,"https://solsticeprod.s3.ap-south-1.amazonaws.com/digital-profiles/724/image_cropper_1729186369594.jpg"
img_401,"https://solsticeprod.s3.ap-south-1.amazonaws.com/digital-profiles/464/image_cropper_1728666362578.jpg"
img_402,"https://solsticeprod.s3.ap-south-1.amazonaws.com/digital-profiles/171/image_cropper_1728129508372.jpg"
img_403,"https://solsticeprod.s3.ap-south-1.amazonaws.com/digital-profiles/460/image_cropper_1728648164909.jpg"
img_404,"https://solsticeprod.s3.ap-south-1.amazonaws.com/digital-profiles/40/1000000049.jpg"
img_405,"https://solsticeprod.s3.ap-south-1.amazonaws.com/digital-profiles/1341/image_cropper_1729755494071.jpg"
img_406,"https://solsticeprod.s3.ap-south-1.amazonaws.com/digital-profiles/1111/image_cropper_1729605558861.jpg"
img_407,"https://solsticeprod.s3.ap-south-1.amazonaws.com/digital-profiles/666/image_cropper_1729173526388.jpg"
img_408,"https://solsticeprod.s3.ap-south-1.amazonaws.com/digital-profiles/941/image_cropper_1729350738583.jpg"
img_409,"https://solsticeprod.s3.ap-south-1.amazonaws.com/digital-profiles/991/image_cropper_14690E24-6C96-4279-A259-3DB166098522-930-0000006B10762046.jpg"
img_410,"https://solsticeprod.s3.ap-south-1.amazonaws.com/digital-profiles/308/image_cropper_1728455769088.jpg"
img_411,"https://solsticeprod.s3.ap-south-1.amazonaws.com/digital-profiles/599/image_cropper_1729099229154.jpg"
img_412,"https://solsticeprod.s3.ap-south-1.amazonaws.com/digital-profiles/946/image_cropper_1729389327219.jpg"
img_413,"https://solsticeprod.s3.ap-south-1.amazonaws.com/digital-profiles/1568/insta_assets_crop_29b8a20b-d15b-4bca-adab-04a1e41f19bc6552457894522465804.jpg"
img_414,"https://solsticeprod.s3.ap-south-1.amazonaws.com/digital-profiles/1170/insta_assets_crop_76779dce-c28c-49d1-8292-a7ff76ed942f1919610134244726062.jpg"
img_415,"https://solsticeprod.s3.ap-south-1.amazonaws.com/digital-profiles/799/image_cropper_1729783213466.jpg"
img_416,"https://solsticeprod.s3.ap-south-1.amazonaws.com/digital-profiles/1474/image_cropper_1729781256607.jpg"
img_417,"https://solsticeprod.s3.ap-south-1.amazonaws.com/digital-profiles/611/image_cropper_1729138877245.jpg"
img_418,"https://solsticeprod.s3.ap-south-1.amazonaws.com/digital-profiles/308/image_cropper_1728308433959.jpg"
img_419,"https://solsticeprod.s3.ap-south-1.amazonaws.com/digital-profiles/830/image_cropper_1729275726355.jpg"
img_420,"https://solsticeprod.s3.ap-south-1.amazonaws.com/digital-profiles/210/image_cropper_1728185128078.jpg"
img_421,"https://solsticeprod.s3.ap-south-1.amazonaws.com/digital-profiles/975/image_cropper_1729409250434.jpg"
img_422,"https://solsticeprod.s3.ap-south-1.amazonaws.com/digital-profiles/779/image_cropper_1729256993436.jpg"
img_423,"https://solsticeprod.s3.ap-south-1.amazonaws.com/digital-profiles/1425/image_cropper_1729761480242.jpg"
img_424,"https://solsticeprod.s3.ap-south-1.amazonaws.com/digital-profiles/726/image_cropper_1729677035450.jpg"
img_425,"https://solsticeprod.s3.ap-south-1.amazonaws.com/digital-profiles/1474/image_cropper_1729781607266.jpg"
img_426,"https://solsticeprod.s3.ap-south-1.amazonaws.com/digital-profiles/1341/image_cropper_1729755199316.jpg"
img_427,"https://solsticeprod.s3.ap-south-1.amazonaws.com/digital-profiles/675/image_cropper_D4FADCB4-5E70-4CB3-A4AA-5A91D543420C-9282-0000047100CA3ABB.jpg"
img_428,"https://solsticeprod.s3.ap-south-1.amazonaws.com/digital-profiles/21/image_cropper_1726306894611.jpg"
img_429,"https://solsticeprod.s3.ap-south-1.amazonaws.com/https%3A/%2Fap-south-1.console.aws.amazon.com/s3/buckets/solsticedev%3Fregion%3Dap-south-1%26bucketType%3Dgeneral%26prefix%3Dcms/%26showversions%3Dfalse/WhatsApp%20Image%202023-06-13%20at%2016.07.32%20%281%29.jpeg"
img_430,"https://solsticeprod.s3.ap-south-1.amazonaws.com/digital-profiles/600/image_cropper_1729750845907.jpg"
img_431,"https://solsticeprod.s3.ap-south-1.amazonaws.com/digital-profiles/951/image_cropper_1729398616693.jpg"
img_432,"https://solsticeprod.s3.ap-south-1.amazonaws.com/digital-profiles/308/image_cropper_1728307574472.jpg"
img_433,"https://solsticeprod.s3.ap-south-1.amazonaws.com/digital-profiles/373/image_cropper_1727952836904.jpg"
img_434,"https://solsticeprod.s3.ap-south-1.amazonaws.com/digital-profiles/993/image_cropper_1729416417656.jpg"
img_435,"https://solsticeprod.s3.ap-south-1.amazonaws.com/digital-profiles/594/image_cropper_1729091021558.jpg"
img_436,"https://solsticeprod.s3.ap-south-1.amazonaws.com/digital-profiles/1703/insta_assets_crop_63612876-3ea8-4346-8d72-8e9bbcfa1f573414636832079757364.jpg"
img_437,"https://solsticeprod.s3.ap-south-1.amazonaws.com/digital-profiles/416/image_cropper_1728469314279.jpg"
img_438,"https://solsticeprod.s3.ap-south-1.amazonaws.com/digital-profiles/1707/insta_assets_crop_eb1ca908-273f-4231-8067-e60cd0ac285e3208393112771921132.jpg"
img_439,"https://solsticeprod.s3.ap-south-1.amazonaws.com/digital-profiles/772/image_cropper_1729252759443.jpg"
img_440,"https://solsticeprod.s3.ap-south-1.amazonaws.com/digital-profiles/318/image_cropper_1727446613419.jpg"
img_441,"https://solsticeprod.s3.ap-south-1.amazonaws.com/digital-profiles/648/image_cropper_1729157585493.jpg"
img_442,"https://solsticeprod.s3.ap-south-1.amazonaws.com/digital-profiles/716/image_cropper_1729181993694.jpg"
img_443,"https://solsticeprod.s3.ap-south-1.amazonaws.com/digital-profiles/224/image_cropper_1727018333098.jpg"
img_444,"https://solsticeprod.s3.ap-south-1.amazonaws.com/digital-profiles/459/image_cropper_1728644271519.jpg"
img_445,"https://solsticeprod.s3.ap-south-1.amazonaws.com/digital-profiles/459/image_cropper_1728741115535.jpg"
img_446,"https://solsticeprod.s3.ap-south-1.amazonaws.com/digital-profiles/1111/image_cropper_1729605763678.jpg"
img_447,"https://solsticeprod.s3.ap-south-1.amazonaws.com/digital-profiles/1148/image_cropper_1729615768471.jpg"
img_448,"https://solsticeprod.s3.ap-south-1.amazonaws.com/digital-profiles/1570/insta_assets_crop_53081166-6126-4053-b3e7-f2c932aee3b6736111657728646364.jpg"
img_449,"https://solsticeprod.s3.ap-south-1.amazonaws.com/digital-profiles/606/image_cropper_1729164373880.jpg"
img_450,"https://solsticeprod.s3.ap-south-1.amazonaws.com/digital-profiles/303/image_cropper_1729262381107.jpg"
img_451,"https://solsticeprod.s3.ap-south-1.amazonaws.com/digital-profiles/1651/insta_assets_crop_1ab2d50d-5f3f-4025-b657-6f04b050af9c4902255224844124145.jpg"
img_452,"https://solsticeprod.s3.ap-south-1.amazonaws.com/digital-profiles/371/image_cropper_1727963867279.jpg"
img_453,"https://solsticeprod.s3.ap-south-1.amazonaws.com/digital-profiles/1742/insta_assets_crop_61ed13b0-70c8-44f6-b663-2a5974a84e121046926242148801678.jpg"
img_454,"https://solsticeprod.s3.ap-south-1.amazonaws.com/digital-profiles/495/image_cropper_1728988289144.jpg"
img_455,"https://solsticeprod.s3.ap-south-1.amazonaws.com/digital-profiles/1686/image_cropper_1729866622373.jpg"
img_456,"https://solsticeprod.s3.ap-south-1.amazonaws.com/digital-profiles/1043/image_cropper_1729503131747.jpg"
img_457,"https://solsticeprod.s3.ap-south-1.amazonaws.com/digital-profiles/839/image_cropper_1729683476722.jpg"
img_458,"https://solsticeprod.s3.ap-south-1.amazonaws.com/digital-profiles/384/image_cropper_1728214161342.jpg"
img_459,"https://solsticeprod.s3.ap-south-1.amazonaws.com/digital-profiles/290/image_cropper_1728319834986.jpg"
img_460,"https://solsticeprod.s3.ap-south-1.amazonaws.com/digital-profiles/1027/image_cropper_1729604953462.jpg"
img_461,"https://solsticeprod.s3.ap-south-1.amazonaws.com/digital-profiles/1452/image_cropper_1729769760351.jpg"
img_462,"https://solsticeprod.s3.ap-south-1.amazonaws.com/digital-profiles/1579/image_cropper_1729837674396.jpg"
img_463,"https://solsticeprod.s3.ap-south-1.amazonaws.com/digital-profiles/276/image_cropper_1727274839162.jpg"
img_464,"https://solsticeprod.s3.ap-south-1.amazonaws.com/digital-profiles/1191/image_cropper_1729740905314.jpg"
img_465,"https://solsticeprod.s3.ap-south-1.amazonaws.com/digital-profiles/171/image_cropper_1727954723922.jpg"
img_466,"https://solsticeprod.s3.ap-south-1.amazonaws.com/digital-profiles/134/image_cropper_F222D4CA-92EE-42B6-8121-CF5ABBEDDD7F-2931-00000128C27C1231.jpg"
img_467,"https://solsticeprod.s3.ap-south-1.amazonaws.com/digital-profiles/634/image_cropper_1729149557311.jpg"
img_468,"https://solsticeprod.s3.ap-south-1.amazonaws.com/digital-profiles/555/image_cropper_1729071604894.jpg"
img_469,"https://solsticeprod.s3.ap-south-1.amazonaws.com/digital-profiles/244/image_cropper_1727176306416.jpg"
img_470,"https://solsticeprod.s3.ap-south-1.amazonaws.com/digital-profiles/1360/image_cropper_1729747063093.jpg"
img_471,"https://solsticeprod.s3.ap-south-1.amazonaws.com/digital-profiles/496/image_cropper_1728990974472.jpg"
img_472,"https://solsticeprod.s3.ap-south-1.amazonaws.com/digital-profiles/260/image_cropper_1727317128879.jpg"
img_473,"https://solsticeprod.s3.ap-south-1.amazonaws.com/digital-profiles/780/image_cropper_1729390285601.jpg"
img_474,"https://solsticeprod.s3.ap-south-1.amazonaws.com/digital-profiles/316/image_cropper_1727444507342.jpg"
img_475,"https://solsticeprod.s3.ap-south-1.amazonaws.com/digital-profiles/960/image_cropper_1729403978012.jpg"
img_476,"https://solsticeprod.s3.ap-south-1.amazonaws.com/digital-profiles/1148/image_cropper_1729617295449.jpg"
img_477,"https://solsticeprod.s3.ap-south-1.amazonaws.com/digital-profiles/548/image_cropper_1729070395127.jpg"
img_478,"https://solsticeprod.s3.ap-south-1.amazonaws.com/digital-profiles/443/image_cropper_1728580535260.jpg"
img_479,"https://solsticeprod.s3.ap-south-1.amazonaws.com/digital-profiles/589/image_cropper_1729089235421.jpg"
img_480,"https://solsticeprod.s3.ap-south-1.amazonaws.com/digital-profiles/259/image_cropper_1727251569090.jpg"
img_481,"https://solsticeprod.s3.ap-south-1.amazonaws.com/digital-profiles/1390/image_cropper_1729754398811.jpg"
img_482,"https://solsticeprod.s3.ap-south-1.amazonaws.com/digital-profiles/823/image_cropper_1729262318827.jpg"
img_483,"https://solsticeprod.s3.ap-south-1.amazonaws.com/digital-profiles/799/image_cropper_1729782630186.jpg"
img_484,"https://solsticeprod.s3.ap-south-1.amazonaws.com/digital-profiles/301/image_cropper_1727410519923.jpg"
img_485,"https://solsticeprod.s3.ap-south-1.amazonaws.com/digital-profiles/330/image_cropper_533DF5F9-D19E-4058-BB0B-50E01E8720A6-75373-00000CF1B786D9EE.jpg"
img_486,"https://solsticeprod.s3.ap-south-1.amazonaws.com/digital-profiles/659/image_cropper_1729169558083.jpg"
img_487,"https://solsticeprod.s3.ap-south-1.amazonaws.com/digital-profiles/780/image_cropper_1729391680393.jpg"
img_488,"https://solsticeprod.s3.ap-south-1.amazonaws.com/digital-profiles/260/image_cropper_1727316622222.jpg"
img_489,"https://solsticeprod.s3.ap-south-1.amazonaws.com/digital-profiles/227/image_cropper_1727029595464.jpg"
img_490,"https://solsticeprod.s3.ap-south-1.amazonaws.com/digital-profiles/497/image_cropper_1728999370277.jpg"
img_491,"https://solsticeprod.s3.ap-south-1.amazonaws.com/digital-profiles/406/image_cropper_1728379361430.jpg"
img_492,"https://solsticeprod.s3.ap-south-1.amazonaws.com/digital-profiles/1670/insta_assets_crop_2cebee81-d6ee-4b93-834a-ae76c385411f1951310428043321373.jpg"
img_493,"https://solsticeprod.s3.ap-south-1.amazonaws.com/digital-profiles/1148/image_cropper_1729608650913.jpg"
img_494,"https://solsticeprod.s3.ap-south-1.amazonaws.com/digital-profiles/649/image_cropper_0539DF12-1721-4397-A531-9AE95337B13D-5942-000005C2962591EF.jpg"
img_495,"https://solsticeprod.s3.ap-south-1.amazonaws.com/digital-profiles/1707/insta_assets_crop_97a6bfa2-bcb7-46e0-abbb-61cfeb08fc63251070367999833221.jpg"
img_496,"https://solsticeprod.s3.ap-south-1.amazonaws.com/digital-profiles/690/image_cropper_1729687724125.jpg"
img_497,"https://solsticeprod.s3.ap-south-1.amazonaws.com/digital-profiles/799/image_cropper_1729260135305.jpg"
img_498,"https://solsticeprod.s3.ap-south-1.amazonaws.com/digital-profiles/1011/image_cropper_1729479263000.jpg"
img_499,"https://solsticeprod.s3.ap-south-1.amazonaws.com/digital-profiles/55/image_cropper_1726476703662.jpg"
img_500,"https://solsticeprod.s3.ap-south-1.amazonaws.com/digital-profiles/810/image_cropper_1729261741160.jpg"
